[
  {
    "id": "7a8e6b98-d3f2-4be9-be2f-93ac8817ce77",
    "name": "Sematext",
    "description": "",
    "icon": "http://s3-xmatters-static.s3.amazonaws.com/null/customers/8d580702-986e-4de3-873d-3a75b8073b42/IMAGE__20190801224002178__Screen%20Shot%202019-08-01%20at%203.39.18%20PM.png",
    "script": "/**\n* Parse the request body (which contains a JSON object) and extract the payload data.\n*/\nvar payload = JSON.parse(request.body);\n\n// Set Output values from payload\noutput['app_id'] = payload['app_id'];\noutput['title'] = payload['title'];\noutput['description'] = payload['description'];\noutput['severity'] = payload['severity'];\noutput['message'] = payload['message'];\noutput['group'] = payload['group'];\n\n// Add additional output values here. \n// Set in the same way exampled above.\n \n//output['New Output'] = payload['Another value'];",
    "allowedEnvironment": "HOSTED",
    "accessibleByAll": "CanUse",
    "scriptStepType": "CUSTOM_HTTP",
    "inputs": [],
    "outputs": [
      {
        "id": "4f965c2e-670a-4963-a168-ff130ce06a93",
        "name": "app_id",
        "position": 0
      },
      {
        "id": "de8f606a-a8b9-40f7-a0ad-c1a7f3526dc4",
        "name": "title",
        "position": 1
      },
      {
        "id": "ab9c6f90-51ab-4044-9ca4-a95d6bf7f7a5",
        "name": "description",
        "position": 2
      },
      {
        "id": "e266b3df-c52c-4593-9bac-fb7919942fee",
        "name": "severity",
        "position": 3
      },
      {
        "id": "0599910a-2749-49e0-aad8-4f40d724c26e",
        "name": "message",
        "position": 4
      },
      {
        "id": "0aa272c4-1cb3-40fe-829d-4cb8ceef2aaf",
        "name": "group",
        "position": 5
      }
    ]
  }
]