{
  "name": "Sematext Alert Workflow",
  "form": "afd98fdc-f4b3-4b1e-b674-d1b7408c3aae",
  "blocks": [
    {
      "id": "70c54e96-bfa5-45b6-b908-0e3e5b849d50",
      "label": "Sematext Flow Trigger",
      "presentation": "{\"w\":60,\"x\":0,\"h\":60,\"y\":0}",
      "step": "7297f1b9-dedc-4c2c-a582-b968d2db7119",
      "stepType": "INTEGRATION"
    },
    {
      "id": "e92bf508-53d2-4a15-b6d7-8109da25af7c",
      "label": "xMatters Create Event (Sematext Alert)",
      "presentation": "{\"w\":60,\"x\":170,\"h\":60,\"y\":0}",
      "step": "afd98fdc-f4b3-4b1e-b674-d1b7408c3aae",
      "stepType": "CREATE_EVENT",
      "inputMappings": [
        {
          "inputPort": "input",
          "mapping": "${70c54e96-bfa5-45b6-b908-0e3e5b849d50.title}",
          "sectionItemKey": "28f61afe-a13e-49be-b0a1-dc5edb968bb8"
        },
        {
          "inputPort": "input",
          "mapping": "${70c54e96-bfa5-45b6-b908-0e3e5b849d50.message}",
          "sectionItemKey": "deb282f7-0835-4c5d-b9ef-b30827884ab0"
        },
        {
          "inputPort": "input",
          "mapping": "${70c54e96-bfa5-45b6-b908-0e3e5b849d50.severity}",
          "sectionItemKey": "b28e6d31-4809-45a4-aa71-a9dd61d378a7"
        },
        {
          "inputPort": "input",
          "mapping": "${70c54e96-bfa5-45b6-b908-0e3e5b849d50.app_id}",
          "sectionItemKey": "6033f724-0a0d-4fe7-ac05-3642c31b5576"
        },
        {
          "inputPort": "input",
          "mapping": "${70c54e96-bfa5-45b6-b908-0e3e5b849d50.group}",
          "sectionItemKey": "a426418c-01a9-47c8-bcd7-a4b65ecb1676"
        },
        {
          "inputPort": "input",
          "mapping": "${70c54e96-bfa5-45b6-b908-0e3e5b849d50.group}",
          "sectionItemKey": "recipients"
        },
        {
          "inputPort": "input",
          "mapping": "${70c54e96-bfa5-45b6-b908-0e3e5b849d50.description}",
          "sectionItemKey": "f3443d6f-5c45-452e-b8b3-6da718cbf4d8"
        }
      ]
    }
  ],
  "edges": [
    {
      "fromBlock": "70c54e96-bfa5-45b6-b908-0e3e5b849d50",
      "fromPort": "output",
      "toBlock": "e92bf508-53d2-4a15-b6d7-8109da25af7c",
      "toPort": "input"
    }
  ]
}