[
  {
    "baseType": 3,
    "name": "app_id",
    "defaultValue": "",
    "description": "",
    "helpText": "",
    "isSystem": false,
    "minLength": 0,
    "maxLength": 100,
    "validationRegex": "",
    "isValidate": false,
    "uuid": "6033f724-0a0d-4fe7-ac05-3642c31b5576"
  },
  {
    "baseType": 3,
    "name": "description",
    "defaultValue": "",
    "description": "",
    "helpText": "",
    "isSystem": false,
    "minLength": 0,
    "maxLength": 20000,
    "validationRegex": "",
    "isValidate": false,
    "uuid": "f3443d6f-5c45-452e-b8b3-6da718cbf4d8"
  },
  {
    "baseType": 3,
    "name": "group",
    "defaultValue": "",
    "description": "",
    "helpText": "",
    "isSystem": false,
    "minLength": 0,
    "maxLength": 100,
    "validationRegex": "",
    "isValidate": false,
    "uuid": "a426418c-01a9-47c8-bcd7-a4b65ecb1676"
  },
  {
    "baseType": 3,
    "name": "message",
    "defaultValue": "",
    "description": "",
    "helpText": "",
    "isSystem": false,
    "minLength": 0,
    "maxLength": 20000,
    "validationRegex": "",
    "isValidate": false,
    "uuid": "deb282f7-0835-4c5d-b9ef-b30827884ab0"
  },
  {
    "baseType": 3,
    "name": "severity",
    "defaultValue": "",
    "description": "",
    "helpText": "",
    "isSystem": false,
    "minLength": 0,
    "maxLength": 30,
    "validationRegex": "",
    "isValidate": false,
    "uuid": "b28e6d31-4809-45a4-aa71-a9dd61d378a7"
  },
  {
    "baseType": 3,
    "name": "title",
    "defaultValue": "",
    "description": "",
    "helpText": "",
    "isSystem": false,
    "minLength": 0,
    "maxLength": 200,
    "validationRegex": "",
    "isValidate": false,
    "uuid": "28f61afe-a13e-49be-b0a1-dc5edb968bb8"
  }
]